{"cameraMode":{"drawMode":0,"name":"Shaded","section":"Shading Mode"},"sceneLighting":false,"audioPlay":false,"sceneViewState":{"m_AlwaysRefresh":false,"showFog":true,"showSkybox":true,"showFlares":true,"showImageEffects":true,"showParticleSystems":true,"showVisualEffectGraphs":true,"m_FxEnabled":true},"in2DMode":false,"pivot":{"x":2.489535093307495,"y":2.2781260013580324,"z":-4.699902534484863},"rotation":{"x":-0.0014040771638974548,"y":0.9965219497680664,"z":-0.08331456035375595,"w":-0.017325226217508317},"size":5.064792633056641,"orthographic":true}